resNum,resID,x,y,z
1,VAL,6.913,17.759,4.607
2,LEU,10.600,17.889,4.283
3,SER,12.263,19.871,7.087
4,PRO,15.048,21.890,6.206
5,ALA,17.552,19.622,7.588
6,ASP,15.881,16.887,5.120
7,LYS,16.897,19.255,2.400
8,THR,20.359,19.452,3.495
9,ASN,20.591,15.889,3.728
10,VAL,19.157,15.110,0.179
11,LYS,21.297,18.030,-1.415
12,ALA,24.347,16.671,-0.059
13,ALA,23.822,13.010,-0.701
14,TRP,22.715,13.681,-4.311
15,GLY,25.545,16.032,-4.810
16,LYS,27.691,12.809,-3.990
17,VAL,25.763,11.093,-6.580
18,GLY,27.063,13.723,-8.931
19,ALA,27.728,12.613,-12.429
20,HIS,26.883,8.665,-11.713
21,ALA,23.159,9.917,-11.488
22,GLY,22.302,7.955,-14.644
23,GLU,24.084,4.748,-14.144
24,TYR,22.505,4.593,-10.679
25,GLY,19.016,5.420,-12.390
26,ALA,19.582,2.579,-14.539
27,GLU,20.575,0.021,-11.753
28,ALA,17.589,1.092,-9.707
29,LEU,15.328,0.075,-12.594
30,GLU,17.065,-3.260,-13.067
31,ARG,16.706,-3.885,-9.384
32,MET,13.032,-3.139,-9.600
33,PHE,12.423,-5.476,-12.584
34,LEU,14.079,-8.337,-11.022
35,SER,12.815,-7.908,-7.502
36,PHE,9.195,-6.850,-8.454
37,PRO,8.292,-8.333,-11.715
38,THR,4.849,-6.949,-11.938
39,THR,6.491,-3.556,-12.776
40,LYS,7.574,-4.871,-15.954
41,THR,3.875,-4.707,-17.174
42,TYR,4.398,-1.015,-17.861
43,PHE,7.621,-1.843,-20.115
44,PRO,6.381,-4.414,-22.439
45,HIS,7.861,-2.190,-25.416
46,PHE,11.455,-2.262,-23.909
47,ASP,14.201,-4.676,-24.267
48,LEU,14.753,-5.341,-20.734
49,SER,18.122,-7.384,-21.060
50,HIS,20.458,-5.929,-18.816
51,GLY,22.455,-3.151,-20.084
52,SER,19.963,-2.196,-22.851
53,ALA,20.270,0.998,-24.154
54,GLN,16.512,1.657,-23.573
55,VAL,17.057,0.967,-19.825
56,LYS,20.094,3.039,-19.797
57,GLY,18.386,5.829,-21.439
58,HIS,15.350,5.701,-19.218
59,GLY,17.562,5.623,-16.096
60,LYS,19.105,8.846,-17.109
61,LYS,15.986,10.442,-17.612
62,VAL,14.699,9.322,-14.234
63,ALA,17.806,10.661,-12.634
64,ASP,17.733,13.912,-14.174
65,ALA,14.329,14.415,-13.017
66,LEU,15.339,13.706,-9.605
67,THR,18.223,15.978,-10.096
68,ASN,15.744,18.747,-11.028
69,ALA,13.480,18.120,-7.964
70,VAL,16.670,18.320,-5.560
71,ALA,17.389,21.815,-7.308
72,HIS,13.997,22.837,-6.617
73,VAL,13.057,21.077,-3.315
74,ASP,11.145,24.002,-2.142
75,ASP,8.668,23.936,-5.208
76,MET,8.674,20.530,-6.647
77,PRO,5.288,21.011,-7.720
78,ASN,5.931,23.542,-10.146
79,ALA,9.264,21.897,-10.989
80,LEU,7.767,18.341,-11.815
81,SER,4.431,19.687,-13.335
82,ALA,5.295,18.397,-16.849
83,LEU,5.983,14.900,-15.664
84,SER,3.091,14.769,-13.309
85,ASP,0.657,15.457,-16.246
86,LEU,2.516,12.802,-18.225
87,HIS,2.237,10.125,-15.649
88,ALA,-1.450,11.245,-14.731
89,HIS,-2.652,11.471,-18.284
90,LYS,-0.701,9.212,-20.311
91,LEU,1.357,6.678,-18.728
92,ARG,-1.120,5.962,-15.831
93,VAL,1.119,3.933,-13.665
94,ASP,-0.813,2.633,-10.611
95,PRO,0.567,4.636,-7.596
96,VAL,1.730,1.539,-5.762
97,ASN,4.615,1.047,-8.098
98,PHE,6.132,4.482,-7.110
99,LYS,7.109,2.770,-3.687
100,LEU,8.665,-0.028,-5.354
101,LEU,10.986,2.076,-7.511
102,SER,11.653,4.426,-4.454
103,HIS,12.685,1.217,-2.471
104,CYS,15.233,0.205,-5.307
105,LEU,16.723,3.634,-5.593
106,LEU,17.322,3.635,-1.869
107,VAL,18.953,0.372,-2.172
108,THR,21.110,1.595,-5.027
109,LEU,22.189,4.682,-3.080
110,ALA,22.985,2.551,-0.107
111,ALA,25.062,0.161,-2.216
112,HIS,27.174,3.032,-3.686
113,LEU,27.430,5.708,-0.856
114,PRO,28.714,3.528,2.218
115,ALA,30.159,6.863,3.921
116,GLU,27.073,9.160,3.429
117,PHE,24.245,6.614,3.985
118,THR,23.660,7.280,7.655
119,PRO,20.398,6.708,9.436
120,ALA,19.624,10.215,9.304
121,VAL,20.243,10.488,5.614
122,HIS,18.254,7.136,4.913
123,ALA,15.409,8.791,6.637
124,SER,15.641,12.024,4.678
125,LEU,16.012,10.336,1.348
126,ASP,13.042,7.997,2.040
127,LYS,11.051,11.143,2.756
128,PHE,12.219,12.896,-0.315
129,LEU,11.247,9.983,-2.588
130,ALA,7.861,9.751,-0.992
131,SER,7.318,13.421,-1.788
132,VAL,8.474,13.187,-5.332
133,SER,6.003,10.145,-5.616
134,THR,3.185,12.188,-4.293
135,VAL,3.773,15.122,-6.561
136,LEU,3.951,12.616,-9.538
137,THR,0.509,10.996,-8.584
138,SER,-0.947,14.363,-7.753
139,LYS,-3.058,14.995,-10.892
140,TYR,-4.275,11.374,-11.162
141,ARG,-8.000,12.137,-10.191
